{"train-image-genus-conditional-prob-accuracy":1,"train-image-family-conditional-prob-accuracy":0.9624999761581421,"val-genetic-genus-conditional-prob-accuracy":1,"val-separation":-0.3373502194881439,"train-image-base-conditional-prob-accuracy":0.9125000238418579,"train-correspondence":0.6985424757003784,"val-cluster":-1.5017762184143066,"val-correspondence":0.8831795454025269,"val-image-base-conditional-prob-accuracy":0.9100000262260437,"val-image-family-conditional-prob-accuracy":0.9700000286102295,"train-genetic-family-conditional-prob-accuracy":1,"val-image-genus-conditional-prob-accuracy":1,"val-genetic-order-conditional-prob-accuracy":0.9700000286102295,"train-cross_ent":6.614409923553467,"train-image-order-conditional-prob-accuracy":0.9375,"val-image-order-conditional-prob-accuracy":0.9300000071525574,"train-l1":1138.58544921875,"val-genetic-base-conditional-prob-accuracy":0.9700000286102295,"train-genetic-genus-conditional-prob-accuracy":1,"_step":12,"val-l1":594.8927001953125,"train-genetic-base-conditional-prob-accuracy":0.949999988079071,"_wandb":{"runtime":228},"epoch":12,"val-cross_ent":1.7619826793670654,"_timestamp":1.7387414970567117e+09,"train-separation":-0.20745716989040375,"val-genetic-family-conditional-prob-accuracy":0.9900000095367432,"train-cluster":-1.6572624444961548,"_runtime":226.585842509,"train-genetic-order-conditional-prob-accuracy":0.987500011920929}